title_job;date_publication;link_job
Analista de Desenvolvimento de Sistemas Pl/Sr;Publicada em: 09/02/2023;https://gsoftware.compleo.com.br/Visualizar/145086
Líder Integração SAP;Publicada em: 08/02/2023;https://gsoftware.compleo.com.br/Visualizar/144819
Consultor SAP TM;Publicada em: 08/02/2023;https://gsoftware.compleo.com.br/Visualizar/144863
SAP TM;Publicada em: 08/02/2023;https://gsoftware.compleo.com.br/Visualizar/144865
Consultor SAP Fiori/WF;Publicada em: 08/02/2023;https://gsoftware.compleo.com.br/Visualizar/144868
Consultor SAP TRM ;Publicada em: 08/02/2023;https://gsoftware.compleo.com.br/Visualizar/144913
Analista Administrativo Expansão;Publicada em: 08/02/2023;https://gsoftware.compleo.com.br/Visualizar/144916
Analista de Testes Funcionais;Publicada em: 02/02/2023;https://gsoftware.compleo.com.br/Visualizar/144356
Consultor ABAP Sr;Publicada em: 31/01/2023;https://gsoftware.compleo.com.br/Visualizar/144016
Analista de Processos PL;Publicada em: 27/01/2023;https://gsoftware.compleo.com.br/Visualizar/143814
Consultor de Projetos SR;Publicada em: 27/01/2023;https://gsoftware.compleo.com.br/Visualizar/143816
Arquiteto Soluções;Publicada em: 23/01/2023;https://gsoftware.compleo.com.br/Visualizar/143243
